{"1": {"1": [0.5000001314250896, 0.4999998869249229]}, "2": {"1": [0.2929331878509207, 0.2929331878509207], "2": [0.7070668113581596, 0.7070668113581596]}, "3": {"1": [0.2543635518142832, 0.6140523810225325], "2": [0.745636447270008, 0.745636447270008], "3": [0.6140523810225325, 0.2543635518142832]}, "4": {"1": [0.2500231283207289, 0.7499768714042456], "2": [0.2500231283207289, 0.2500231283207289], "3": [0.7499768714042456, 0.7499768714042456], "4": [0.7499768714042456, 0.2500231283207289]}, "5": {"1": [0.4999999990782859, 0.4999999990782859], "2": [0.7928732384885725, 0.20712676173926692], "3": [0.20712676173926692, 0.7928732384885725], "4": [0.20712676173926692, 0.20712676173926692], "5": [0.7928732384885725, 0.7928732384885725]}, "6": {"1": [0.39589871798419446, 0.8123038435322879], "2": [0.39589871798419446, 0.18769615614862858], "3": [0.8123038435322879, 0.8123038435322879], "4": [0.18769615614862858, 0.500000000778939], "5": [0.604101281696722, 0.500000000778939], "6": [0.8123038435322879, 0.18769615614862858]}, "7": {"1": [0.1744714395024456, 0.1744714395024456], "2": [0.5233731432476142, 0.1744714395024456], "3": [0.34891357652662675, 0.8255285606720258], "4": [0.8255285606720258, 0.34891357652662675], "5": [0.1744714395024456, 0.5233731432476142], "6": [0.8096401829460128, 0.8096401829460128], "7": [0.523396930683676, 0.523396930683676]}, "8": {"1": [0.500000000776022, 0.7411883516080755], "2": [0.17055430040985597, 0.17055430040985597], "3": [0.500000000776022, 0.2588116482384256], "4": [0.17055430040985597, 0.8294456994366451], "5": [0.7411883516080755, 0.500000000776022], "6": [0.2588116482384256, 0.500000000776022], "7": [0.8294456994366451, 0.8294456994366451], "8": [0.8294456994366451, 0.17055430040985597]}, "9": {"1": [0.8333208847090917, 0.16667911605763233], "2": [0.500000000383362, 0.16667911605763233], "3": [0.500000000383362, 0.8333208847090917], "4": [0.8333208847090917, 0.500000000383362], "5": [0.500000000383362, 0.500000000383362], "6": [0.16667911605763233, 0.16667911605763233], "7": [0.16667911605763233, 0.8333208847090917], "8": [0.16667911605763233, 0.500000000383362], "9": [0.8333208847090917, 0.8333208847090917]}, "10": {"1": [0.5554592784888079, 0.8517793022814885], "2": [0.8517793022814885, 0.8439888268856283], "3": [0.148220697155273, 0.5768263977101414], "4": [0.148220697155273, 0.2803882879702444], "5": [0.4135598413019482, 0.148220697155273], "6": [0.44460848300407185, 0.576894573302005], "7": [0.8517793022814885, 0.5475479305966247], "8": [0.8517793022814885, 0.148220697155273], "9": [0.25901920186025973, 0.8517793022814885], "10": [0.632701966166185, 0.34784269276308416]}, "11": {"1": [0.142428834502033, 0.142428834502033], "2": [0.6188984629133492, 0.5824946968179864], "3": [0.4175053044211444, 0.38110153690149334], "4": [0.142428834502033, 0.4547671686371733], "5": [0.34379370235484064, 0.6562062974600019], "6": [0.8575711653128095, 0.142428834502033], "7": [0.8575711653128095, 0.42722035528249125], "8": [0.142428834502033, 0.8575711653128095], "9": [0.5727796445323513, 0.142428834502033], "10": [0.5452328311776692, 0.8575711653128095], "11": [0.8466950887155592, 0.7540786624682052]}, "12": {"1": [0.1399816469368392, 0.1399816469368392], "2": [0.3799938820136522, 0.8600183535670948], "3": [0.6200061170904653, 0.7160110122410437], "4": [0.1399816469368392, 0.42799632958894146], "5": [0.3799938820136522, 0.2839889882628903], "6": [0.3799938820136522, 0.5720036709149926], "7": [0.8600183535670948, 0.5720036709149926], "8": [0.1399816469368392, 0.7160110122410437], "9": [0.6200061170904653, 0.42799632958894146], "10": [0.6200061170904653, 0.1399816469368392], "11": [0.8600183535670948, 0.2839889882628903], "12": [0.8600183535670948, 0.8600183535670948]}, "13": {"1": [0.5980573443367436, 0.1339938525922981], "2": [0.8660061470861167, 0.5980573443367436], "3": [0.3660336709241702, 0.26795479763433805], "4": [0.4019426553416712, 0.8660061470861167], "5": [0.8660061470861167, 0.8660061470861167], "6": [0.1339938525922981, 0.4019426553416712], "7": [0.49999999983920734, 0.49999999983920734], "8": [0.7320452020440766, 0.3660336709241702], "9": [0.6339663287542445, 0.7320452020440766], "10": [0.26795479763433805, 0.6339663287542445], "11": [0.1339938525922981, 0.1339938525922981], "12": [0.8660061470861167, 0.1339938525922981], "13": [0.1339938525922981, 0.8660061470861167]}, "14": {"1": [0.3533598967723593, 0.6119827427650752], "2": [0.8706492304139332, 0.3533487350944539], "3": [0.6119827427650752, 0.3533598967723593], "4": [0.1515666943827449, 0.1883787928738509], "5": [0.3533085212337053, 0.3533085212337053], "6": [0.8706492304139332, 0.8706492304139332], "7": [0.6120045655334077, 0.6120045655334077], "8": [0.12935076956019667, 0.7413404701031665], "9": [0.3533487350944539, 0.8706492304139332], "10": [0.12935076956019667, 0.48265599493629363], "11": [0.48265599493629363, 0.12935076956019667], "12": [0.7413404701031665, 0.12935076956019667], "13": [0.8706492304139332, 0.6119989827541935], "14": [0.6119989827541935, 0.8706492304139332]}, "15": {"1": [0.372836171503811, 0.19297746460443727], "2": [0.19297746460443727, 0.372836171503811], "3": [0.3728403774694019, 0.8070118602936912], "4": [0.3728341976124904, 0.5526702365576076], "5": [0.8728162803198978, 0.6184970345591911], "6": [0.12718371910777548, 0.8728162803198978], "7": [0.6184964393393857, 0.6184964393393857], "8": [0.12718371910777548, 0.12718371910777548], "9": [0.8728162803198978, 0.12718371910777548], "10": [0.6185028875539444, 0.12718371910777548], "11": [0.5526702365576076, 0.3728341976124904], "12": [0.8728162803198978, 0.8728162803198978], "13": [0.8070118602936912, 0.3728403774694019], "14": [0.6184970345591911, 0.8728162803198978], "15": [0.12718371910777548, 0.6185028875539444]}, "16": {"1": [0.8749836805665325, 0.624994560680575], "2": [0.8749836805665325, 0.12501631965849688], "3": [0.12501631965849688, 0.8749836805665325], "4": [0.12501631965849688, 0.624994560680575], "5": [0.624994560680575, 0.8749836805665325], "6": [0.8749836805665325, 0.37500543954445437], "7": [0.37500543954445437, 0.37500543954445437], "8": [0.12501631965849688, 0.37500543954445437], "9": [0.37500543954445437, 0.8749836805665325], "10": [0.37500543954445437, 0.12501631965849688], "11": [0.624994560680575, 0.624994560680575], "12": [0.12501631965849688, 0.12501631965849688], "13": [0.624994560680575, 0.37500543954445437], "14": [0.37500543954445437, 0.624994560680575], "15": [0.624994560680575, 0.12501631965849688], "16": [0.8749836805665325, 0.8749836805665325]}, "17": {"1": [0.2987373025374956, 0.5000000003458017], "2": [0.7344730626221253, 0.7013140057514108], "3": [0.11722092141416167, 0.11722092141416167], "4": [0.8827790781052325, 0.8827790781052325], "5": [0.7344730626221253, 0.2986859937679834], "6": [0.8749116646770891, 0.4864091324200877], "7": [0.4566495338475894, 0.6732564643355198], "8": [0.11722092141416167, 0.6483476878664718], "9": [0.6144927607178743, 0.5000000003458017], "10": [0.4566495338475894, 0.32674353518387445], "11": [0.35162328892498956, 0.11722092141416167], "12": [0.5860569473885797, 0.8827790792774418], "13": [0.5860569473885797, 0.11722092141416167], "14": [0.11722092141416167, 0.8827790781052325], "15": [0.8827790781052325, 0.11722092141416167], "16": [0.35162328892498956, 0.8827790781052325], "17": [0.11722092141416167, 0.3516523116529225]}, "18": {"1": [0.6922312796736728, 0.4999999994280897], "2": [0.3077687203378809, 0.4999999994280897], "3": [0.11553744124767203, 0.8844625587638817], "4": [0.5000000005834642, 0.3718458141382001], "5": [0.4999999994280897, 0.11553744124767203], "6": [0.3077687203378809, 0.7563083723186177], "7": [0.8844625587638817, 0.3718458141382001], "8": [0.4999999994280897, 0.8844625587638817], "9": [0.4999999994280897, 0.6281541858733538], "10": [0.6922312796736728, 0.24369162769293606], "11": [0.3077687203378809, 0.24369162769293606], "12": [0.11553744124767203, 0.11553744124767203],